local_AA_nom,local_CA_nom,global_AA_nom,global_CA_nom,ID
>4<6,>4<6,>8,>8,1ZAN_1
>0<2,>0<2,>0<2,>0<2,4NJA_1
>0<2,>0<2,>0<2,>0<2,1G7I_1
>0<2,>0<2,>0<2,>0<2,4EDW_1
>2<4,>0<2,>4<6,>2<4,4UOK_1
>6<8,>4<6,>8,>8,5KAQ_1
>0<2,>0<2,>2<4,>0<2,4WHY_4
>6<8,>4<6,>8,>6<8,6MAM_1
>4<6,>2<4,>6<8,>4<6,4FZ8_1
>2<4,>0<2,>2<4,>2<4,5FEC_1
>0<2,>0<2,>0<2,>0<2,1KIQ_1
>2<4,>0<2,>2<4,>2<4,4LLY_1
>4<6,>2<4,>8,>8,6D11_1
>2<4,>2<4,>4<6,>4<6,4MHH_1
>6<8,>4<6,>8,>8,4IOF_1
>8,>6<8,>8,>8,6CA9_1
>2<4,>2<4,>4<6,>4<6,4HJ0_1
>2<4,>2<4,>4<6,>2<4,1NCB_1
>4<6,>2<4,>6<8,>4<6,5BK1_1
>0<2,>0<2,>2<4,>0<2,5TPP_1
>4<6,>2<4,>4<6,>4<6,4UV7_1
>4<6,>2<4,>6<8,>4<6,3I75_1
>2<4,>0<2,>2<4,>2<4,5N7W_1
>6<8,>6<8,>8,>8,4YDJ_1
>0<2,>0<2,>2<4,>2<4,5X5X_1
>4<6,>4<6,>8,>8,4YFL_1
>4<6,>4<6,>8,>8,6E4X_1
>2<4,>0<2,>2<4,>0<2,4QXG_1
>2<4,>0<2,>2<4,>2<4,1UYW_1
>0<2,>0<2,>0<2,>0<2,2YSS_1
>2<4,>2<4,>4<6,>2<4,1JGU_1
>4<6,>2<4,>6<8,>4<6,3BAE_1
>2<4,>0<2,>2<4,>0<2,5WHJ_1
>0<2,>0<2,>0<2,>0<2,1GGI_1
>2<4,>2<4,>4<6,>2<4,2G5B_1
>4<6,>4<6,>6<8,>6<8,4KTD_1
>2<4,>0<2,>2<4,>0<2,4XVJ_1
>2<4,>0<2,>2<4,>2<4,3J42_1
>4<6,>2<4,>6<8,>4<6,1YED_1
>2<4,>2<4,>2<4,>2<4,1RMF_1
>2<4,>0<2,>4<6,>2<4,4K9E_1
>2<4,>0<2,>2<4,>0<2,5I15_1
>2<4,>0<2,>4<6,>2<4,4JDT_1
>2<4,>0<2,>4<6,>2<4,5TDO_2
>0<2,>0<2,>2<4,>0<2,5D72_1
>2<4,>0<2,>2<4,>0<2,3KDM_1
>2<4,>2<4,>4<6,>4<6,4M8Q_1
>0<2,>0<2,>0<2,>0<2,4ISV_1
>4<6,>0<2,>4<6,>0<2,4JQI_1
>0<2,>0<2,>0<2,>0<2,6A78_2
>2<4,>2<4,>4<6,>4<6,1I7Z_1
>4<6,>2<4,>4<6,>2<4,12E8_1
>2<4,>2<4,>2<4,>2<4,5EZI_1
>2<4,>2<4,>4<6,>2<4,3RAJ_1
>2<4,>0<2,>2<4,>2<4,1PLG_1
>2<4,>0<2,>4<6,>2<4,2ZJS_1
>2<4,>2<4,>2<4,>2<4,5VXR_1
>4<6,>2<4,>6<8,>4<6,5K9J_1
>2<4,>2<4,>4<6,>2<4,5UEA_1
>4<6,>2<4,>4<6,>2<4,4K7P_2
>2<4,>0<2,>2<4,>2<4,6IEB_1
>0<2,>0<2,>0<2,>0<2,2Y6S_1
>0<2,>0<2,>0<2,>0<2,4OM1_1
>2<4,>0<2,>4<6,>2<4,5ZIA_1
>8,>8,>8,>8,6QN8_1
>0<2,>0<2,>2<4,>0<2,2R4R_1
>2<4,>2<4,>4<6,>2<4,2AAB_1
>4<6,>2<4,>6<8,>4<6,1KEN_1
>0<2,>0<2,>0<2,>0<2,1ORQ_1
>0<2,>0<2,>0<2,>0<2,2DQD_1
>2<4,>0<2,>2<4,>2<4,6MH2_1
>2<4,>2<4,>4<6,>2<4,4M6O_1
>2<4,>2<4,>4<6,>2<4,2QSC_1
>0<2,>0<2,>2<4,>2<4,4ONG_1
>4<6,>2<4,>4<6,>4<6,5TLJ_1
>2<4,>0<2,>2<4,>0<2,2JEL_1
>4<6,>2<4,>6<8,>4<6,6JEP_1
>0<2,>0<2,>2<4,>0<2,5XCV_1
>2<4,>0<2,>4<6,>2<4,5FB8_1
>0<2,>0<2,>0<2,>0<2,2DQG_1
>0<2,>0<2,>0<2,>0<2,2DQF_1
>0<2,>0<2,>0<2,>0<2,4ZS7_1
>2<4,>0<2,>6<8,>6<8,3LH2_3
>2<4,>0<2,>2<4,>2<4,5IES_1
>4<6,>2<4,>6<8,>6<8,5W23_1
>4<6,>2<4,>6<8,>4<6,5EPM_1
>0<2,>0<2,>0<2,>0<2,5CIL_1
>4<6,>2<4,>6<8,>4<6,6H3U_1
>4<6,>2<4,>4<6,>2<4,1N4X_1
>2<4,>0<2,>2<4,>2<4,2AI0_1
>2<4,>0<2,>2<4,>0<2,1NJ9_1
>4<6,>2<4,>6<8,>4<6,2BDN_1
>2<4,>2<4,>4<6,>2<4,3NZH_1
>2<4,>2<4,>2<4,>2<4,5IK3_1
>2<4,>0<2,>2<4,>2<4,4A6Y_2
>2<4,>2<4,>4<6,>2<4,1KFA_1
>0<2,>0<2,>0<2,>0<2,5UKO_1
>2<4,>0<2,>2<4,>2<4,3G5Z_1
>0<2,>0<2,>0<2,>0<2,4UOM_1
>4<6,>2<4,>4<6,>2<4,1A4J_1
>0<2,>0<2,>0<2,>0<2,5WKZ_1
>0<2,>0<2,>0<2,>0<2,4R26_1
>4<6,>2<4,>6<8,>6<8,4QWW_1
>4<6,>4<6,>6<8,>4<6,6FY1_2
>0<2,>0<2,>0<2,>0<2,4ZPT_1
>2<4,>2<4,>2<4,>2<4,3CLF_1
>2<4,>0<2,>2<4,>2<4,6DF0_1
>4<6,>2<4,>6<8,>6<8,3IFP_1
>6<8,>4<6,>8,>8,5U3J_1
>0<2,>0<2,>0<2,>0<2,4GAY_2
>4<6,>2<4,>4<6,>2<4,5CD3_1
>0<2,>0<2,>0<2,>0<2,1A7O_1
>2<4,>0<2,>2<4,>2<4,6GV1_1
>2<4,>0<2,>4<6,>2<4,4LEO_1
>6<8,>4<6,>8,>8,5WOB_8
>2<4,>2<4,>2<4,>2<4,4TPR_1
>6<8,>4<6,>8,>8,6AO0_1
>2<4,>0<2,>4<6,>2<4,4R97_1
>2<4,>2<4,>4<6,>2<4,1AE6_1
>2<4,>2<4,>4<6,>2<4,5GGQ_1
>0<2,>0<2,>0<2,>0<2,4RZC_3
>2<4,>0<2,>4<6,>2<4,1MJ8_1
>2<4,>0<2,>2<4,>0<2,5JHL_1
>0<2,>0<2,>0<2,>0<2,4FQ2_1
>2<4,>2<4,>4<6,>4<6,6AMM_1
>2<4,>0<2,>2<4,>2<4,6DG2_1
>4<6,>2<4,>4<6,>4<6,2CMR_1
>2<4,>0<2,>4<6,>2<4,4RNR_2
>6<8,>4<6,>8,>8,5BZD_1
>0<2,>0<2,>2<4,>0<2,4WHT_1
>2<4,>0<2,>2<4,>0<2,4BZ1_1
>4<6,>4<6,>4<6,>4<6,4Y5X_1
>8,>6<8,>8,>8,1FN4_1
>2<4,>0<2,>2<4,>2<4,5I19_1
>0<2,>0<2,>0<2,>0<2,4YDI_1
>6<8,>4<6,>8,>8,5C8J_1
>6<8,>2<4,>8,>8,4NRZ_1
>0<2,>0<2,>0<2,>0<2,5TFS_1
>4<6,>4<6,>8,>8,3UJJ_1
>4<6,>2<4,>4<6,>4<6,5KVE_1
>0<2,>0<2,>0<2,>0<2,2OZ4_1
>2<4,>0<2,>2<4,>2<4,1LK3_1
>4<6,>2<4,>4<6,>2<4,3PHO_1
>2<4,>0<2,>2<4,>2<4,5UTZ_1
>2<4,>2<4,>6<8,>4<6,6IEC_1
>4<6,>2<4,>8,>8,6APB_1
>4<6,>2<4,>6<8,>4<6,3O2D_1
>2<4,>2<4,>6<8,>4<6,3DVN_1
>2<4,>2<4,>2<4,>2<4,4LSQ_1
>2<4,>0<2,>4<6,>2<4,1FRG_1
>4<6,>2<4,>8,>8,6IUV_1
>2<4,>2<4,>2<4,>2<4,5Y2K_3
>4<6,>4<6,>4<6,>4<6,2A9N_1
>2<4,>2<4,>2<4,>2<4,4QHK_3
>2<4,>2<4,>2<4,>2<4,4U1G_1
>2<4,>2<4,>4<6,>2<4,6N5B_1
>0<2,>0<2,>0<2,>0<2,1JFQ_1
>2<4,>2<4,>8,>8,6CA6_1
>4<6,>2<4,>4<6,>2<4,3S35_1
>2<4,>0<2,>2<4,>0<2,5FGC_1
>2<4,>0<2,>2<4,>0<2,5JO5_1
>2<4,>2<4,>4<6,>2<4,4NKI_1
>4<6,>4<6,>6<8,>6<8,4N9G_2
>0<2,>0<2,>2<4,>2<4,8FAB_1
>0<2,>0<2,>2<4,>2<4,5EOQ_1
>2<4,>0<2,>4<6,>2<4,5W4L_2
>2<4,>0<2,>2<4,>2<4,3G5V_1
>4<6,>2<4,>6<8,>4<6,4NM4_1
>0<2,>0<2,>2<4,>2<4,4LSS_1
>0<2,>0<2,>0<2,>0<2,3C09_1
>6<8,>4<6,>6<8,>4<6,6MID_1
>2<4,>2<4,>4<6,>2<4,4HG4_1
>2<4,>2<4,>4<6,>4<6,3QNZ_1
>4<6,>4<6,>6<8,>4<6,3RA7_1
>4<6,>2<4,>4<6,>2<4,4QNP_1
>6<8,>4<6,>8,>8,5USL_1
>2<4,>0<2,>4<6,>2<4,3ZKM_1
>0<2,>0<2,>2<4,>2<4,4LQF_1
>4<6,>2<4,>6<8,>2<4,1OSP_1
>0<2,>0<2,>2<4,>0<2,5XCR_1
>0<2,>0<2,>0<2,>0<2,4XCN_6
>4<6,>0<2,>4<6,>2<4,4OCX_1
>2<4,>0<2,>2<4,>0<2,4J6R_1
>4<6,>2<4,>4<6,>2<4,1A5F_1
>4<6,>2<4,>6<8,>4<6,6DZL_1
>4<6,>4<6,>8,>8,2OR9_1
>0<2,>0<2,>0<2,>0<2,5TQQ_1
>2<4,>0<2,>2<4,>2<4,1XGQ_1
>2<4,>0<2,>2<4,>2<4,4KTE_1
>2<4,>0<2,>2<4,>0<2,1GPO_1
>4<6,>2<4,>6<8,>6<8,6BP2_1
>0<2,>0<2,>2<4,>0<2,5V6M_1
>4<6,>2<4,>6<8,>4<6,5T5F_1
>4<6,>2<4,>4<6,>2<4,6CXY_1
>2<4,>0<2,>4<6,>4<6,4DVB_1
>4<6,>2<4,>8,>6<8,1IL1_1
>4<6,>2<4,>6<8,>6<8,5USL_2
>2<4,>2<4,>4<6,>2<4,1F11_1
>0<2,>0<2,>2<4,>0<2,5KVG_1
>2<4,>2<4,>2<4,>2<4,5FHA_1
>2<4,>0<2,>2<4,>2<4,2FL5_1
>2<4,>2<4,>4<6,>2<4,1HEZ_1
>0<2,>0<2,>2<4,>2<4,6I04_1
>0<2,>0<2,>0<2,>0<2,4HPO_1
>4<6,>2<4,>6<8,>4<6,2A77_1
>2<4,>0<2,>2<4,>0<2,4M1G_1
>4<6,>2<4,>8,>8,4OCS_1
>0<2,>0<2,>0<2,>0<2,4DCQ_1
>0<2,>0<2,>2<4,>0<2,1FVE_1
>2<4,>0<2,>2<4,>2<4,4JZJ_1
>2<4,>0<2,>2<4,>0<2,2Y07_1
>2<4,>0<2,>4<6,>2<4,1CIC_2
>2<4,>2<4,>8,>6<8,3WD5_1
>2<4,>0<2,>2<4,>2<4,1XGP_1
>0<2,>0<2,>0<2,>0<2,5UDD_6
>4<6,>2<4,>6<8,>6<8,4MWF_1
>4<6,>2<4,>8,>6<8,6DB5_1
>0<2,>0<2,>0<2,>0<2,1KIR_1
>2<4,>0<2,>4<6,>2<4,5CMA_1
>0<2,>0<2,>2<4,>0<2,1FOR_1
>2<4,>0<2,>4<6,>2<4,5NUZ_1
>4<6,>2<4,>6<8,>4<6,6OBZ_1
>2<4,>0<2,>2<4,>2<4,4LLU_2
>2<4,>0<2,>2<4,>2<4,4KVC_1
>2<4,>2<4,>4<6,>2<4,3QPX_1
>4<6,>2<4,>4<6,>4<6,3CMO_1
>4<6,>4<6,>4<6,>4<6,2A9M_1
>4<6,>2<4,>4<6,>2<4,3LRS_1
>0<2,>0<2,>0<2,>0<2,1C1E_1
>0<2,>0<2,>0<2,>0<2,6GC2_1
>0<2,>0<2,>0<2,>0<2,3TWC_1
>2<4,>0<2,>4<6,>2<4,1Z3G_1
>0<2,>0<2,>0<2,>0<2,5TDN_1
>0<2,>0<2,>2<4,>2<4,1IGT_1
>0<2,>0<2,>0<2,>0<2,3H3P_1
>2<4,>2<4,>4<6,>2<4,5GZ0_1
>0<2,>0<2,>0<2,>0<2,5XCV_2
>4<6,>2<4,>4<6,>2<4,1ZTX_1
>4<6,>2<4,>4<6,>2<4,1EJO_1
>2<4,>2<4,>4<6,>4<6,1R70_1
>4<6,>2<4,>6<8,>4<6,3LMJ_1
>4<6,>2<4,>6<8,>4<6,4HGW_1
>2<4,>0<2,>2<4,>2<4,4K3D_1
>0<2,>0<2,>0<2,>0<2,4ODS_1
>4<6,>2<4,>6<8,>4<6,5TUD_1
>0<2,>0<2,>0<2,>0<2,5CCK_1
>2<4,>0<2,>4<6,>2<4,1FLR_1
>2<4,>2<4,>6<8,>4<6,3DVG_1
>2<4,>2<4,>6<8,>6<8,3J6U_1
>4<6,>2<4,>8,>8,4UV4_1
>2<4,>0<2,>2<4,>2<4,4P59_1
>2<4,>0<2,>2<4,>0<2,5U15_1
>6<8,>4<6,>8,>6<8,3EFF_1
>2<4,>0<2,>2<4,>2<4,6GFE_1
>0<2,>0<2,>0<2,>0<2,2DQI_1
>4<6,>2<4,>4<6,>2<4,4HLZ_1
>0<2,>0<2,>0<2,>0<2,6IAP_1
>2<4,>2<4,>4<6,>2<4,1AD9_1
>0<2,>0<2,>0<2,>0<2,4OKV_1
>4<6,>2<4,>4<6,>4<6,1ETZ_1
>4<6,>4<6,>6<8,>6<8,6N8D_1
>0<2,>0<2,>0<2,>0<2,5W6C_1
>4<6,>2<4,>8,>6<8,6CW3_1
>2<4,>0<2,>2<4,>0<2,4Q0X_1
>2<4,>0<2,>2<4,>2<4,4J8R_1
>0<2,>0<2,>0<2,>0<2,5BK5_1
>2<4,>2<4,>4<6,>4<6,6GK8_1
>2<4,>0<2,>4<6,>4<6,5I18_1
>2<4,>0<2,>2<4,>2<4,4YHO_1
>0<2,>0<2,>2<4,>2<4,2Q8B_1
>4<6,>0<2,>4<6,>2<4,3QUM_1
>2<4,>0<2,>2<4,>2<4,4CMH_1
>6<8,>6<8,>8,>8,4NPY_2
>4<6,>4<6,>8,>8,4F58_1
>4<6,>2<4,>8,>8,4YDV_1
>2<4,>2<4,>4<6,>2<4,6B08_1
>4<6,>4<6,>8,>8,6BKC_1
>6<8,>4<6,>8,>8,5BZW_1
>0<2,>0<2,>0<2,>0<2,5TFW_1
>0<2,>0<2,>2<4,>0<2,3AB0_1
>2<4,>2<4,>2<4,>2<4,5OCK_1
>4<6,>2<4,>4<6,>2<4,1A4K_1
>4<6,>2<4,>6<8,>4<6,5JO4_1
>2<4,>0<2,>2<4,>2<4,6MTS_1
>4<6,>2<4,>4<6,>2<4,5B8C_1
>4<6,>2<4,>6<8,>4<6,5DR5_1
>2<4,>0<2,>2<4,>2<4,4LLW_1
>4<6,>2<4,>8,>4<6,4FQY_1
>2<4,>0<2,>2<4,>0<2,4MXV_1
>0<2,>0<2,>0<2,>0<2,3NAA_1
>0<2,>0<2,>2<4,>0<2,1JHL_1
>4<6,>2<4,>8,>8,1F58_1
>2<4,>0<2,>4<6,>2<4,2H1P_1
>0<2,>0<2,>0<2,>0<2,1G7H_1
>0<2,>0<2,>0<2,>0<2,6CUE_2
>2<4,>2<4,>4<6,>2<4,3FO0_1
>4<6,>4<6,>8,>8,4HF5_1
>0<2,>0<2,>0<2,>0<2,5U3P_1
>2<4,>2<4,>4<6,>2<4,3B9K_1
>2<4,>0<2,>2<4,>2<4,5ANM_2
>6<8,>4<6,>8,>8,5UEL_1
>0<2,>0<2,>0<2,>0<2,5I9Q_1
>2<4,>2<4,>2<4,>2<4,6FBJ_1
>4<6,>4<6,>6<8,>6<8,6MEE_2
>0<2,>0<2,>0<2,>0<2,3NAB_1
>2<4,>2<4,>4<6,>2<4,1NCA_1
>4<6,>2<4,>6<8,>6<8,5Y9F_1
>2<4,>0<2,>4<6,>2<4,4K3J_1
>2<4,>0<2,>2<4,>0<2,5I1C_1
>2<4,>0<2,>4<6,>2<4,4PB9_1
>0<2,>0<2,>2<4,>2<4,3U9P_1
>0<2,>0<2,>2<4,>2<4,4TRP_1
>2<4,>0<2,>2<4,>2<4,6DF2_1
>2<4,>2<4,>4<6,>2<4,6BQB_1
>4<6,>2<4,>6<8,>4<6,3X3F_1
>2<4,>2<4,>4<6,>2<4,1MNU_1
>4<6,>2<4,>4<6,>4<6,5Y2K_1
>4<6,>2<4,>4<6,>2<4,4U6H_1
>2<4,>2<4,>4<6,>4<6,6NOV_1
>2<4,>0<2,>2<4,>2<4,1FL5_1
>4<6,>2<4,>6<8,>6<8,4GSD_1
>4<6,>2<4,>6<8,>4<6,3PIQ_2
>2<4,>0<2,>2<4,>2<4,5G64_1
>4<6,>2<4,>6<8,>6<8,5KW9_1
>2<4,>0<2,>2<4,>2<4,2NYY_1
>4<6,>2<4,>4<6,>4<6,1QFW_1
>0<2,>0<2,>0<2,>0<2,5TDO_1
>0<2,>0<2,>2<4,>2<4,4KI5_1
>4<6,>0<2,>6<8,>4<6,6GHG_1
>0<2,>0<2,>0<2,>0<2,4EDX_1
>2<4,>0<2,>2<4,>2<4,2GCY_1
>2<4,>0<2,>2<4,>2<4,5G64_2
>2<4,>2<4,>6<8,>4<6,5V7U_1
>2<4,>0<2,>2<4,>0<2,1KTR_1
>2<4,>2<4,>2<4,>2<4,5V6L_1
>4<6,>2<4,>4<6,>4<6,3Q3G_1
>0<2,>0<2,>2<4,>0<2,5TR8_1
>0<2,>0<2,>0<2,>0<2,6BZW_1
>2<4,>0<2,>2<4,>0<2,1AP2_1
>0<2,>0<2,>0<2,>0<2,5N4J_1
>4<6,>2<4,>6<8,>4<6,5TJD_1
>2<4,>2<4,>4<6,>2<4,5XAJ_1
>4<6,>2<4,>4<6,>2<4,4I77_1
>2<4,>0<2,>2<4,>0<2,2VH5_1
>2<4,>0<2,>2<4,>0<2,2DDQ_1
>4<6,>4<6,>6<8,>6<8,4OT1_1
>2<4,>0<2,>2<4,>0<2,1GC1_1
>2<4,>0<2,>2<4,>0<2,2V7H_1
>2<4,>0<2,>4<6,>2<4,3NH7_1
>2<4,>2<4,>4<6,>2<4,5CHN_1
>4<6,>2<4,>6<8,>4<6,5J13_1
>4<6,>0<2,>4<6,>0<2,1WT5_1
>4<6,>2<4,>6<8,>4<6,1D5I_1
>2<4,>0<2,>4<6,>0<2,6BIT_1
>4<6,>2<4,>4<6,>2<4,2AI0_4
>4<6,>2<4,>6<8,>4<6,1SEQ_1
>2<4,>0<2,>4<6,>2<4,3G5X_1
>4<6,>2<4,>4<6,>2<4,4QCI_1
>0<2,>0<2,>0<2,>0<2,5VJQ_1
>0<2,>0<2,>0<2,>0<2,4OM0_1
>2<4,>0<2,>6<8,>4<6,5DYO_1
>2<4,>2<4,>4<6,>2<4,3D85_1
>2<4,>2<4,>6<8,>6<8,6BTJ_1
>2<4,>0<2,>2<4,>0<2,1G9M_1
>4<6,>2<4,>6<8,>4<6,1J05_1
>2<4,>0<2,>2<4,>2<4,1F4W_1
>2<4,>0<2,>2<4,>0<2,2UZI_1
>4<6,>2<4,>4<6,>2<4,1NMA_1
>2<4,>2<4,>4<6,>2<4,3QRG_1
>4<6,>2<4,>6<8,>4<6,6BLH_1
>2<4,>0<2,>2<4,>2<4,2VL5_1
>4<6,>0<2,>4<6,>2<4,4HBC_1
>4<6,>2<4,>6<8,>6<8,4NYL_1
>4<6,>2<4,>6<8,>4<6,2XRA_1
>0<2,>0<2,>0<2,>0<2,2IPU_1
>0<2,>0<2,>0<2,>0<2,1A7P_1
>2<4,>0<2,>4<6,>0<2,3MNW_1
>2<4,>2<4,>2<4,>2<4,2ARJ_1
>4<6,>4<6,>8,>6<8,2ADG_1
>2<4,>0<2,>2<4,>2<4,4K2U_1
>2<4,>2<4,>4<6,>4<6,5GZR_1
>0<2,>0<2,>0<2,>0<2,4GAJ_1
>0<2,>0<2,>0<2,>0<2,1BJ1_1
>0<2,>0<2,>0<2,>0<2,3NA9_1
>2<4,>0<2,>2<4,>0<2,1LO0_1
>4<6,>2<4,>6<8,>6<8,6ORO_1
>2<4,>2<4,>4<6,>4<6,6DC9_1
>4<6,>2<4,>6<8,>4<6,5Y9C_1
>4<6,>4<6,>8,>8,6E5P_2
>4<6,>2<4,>6<8,>4<6,5OD8_1
>0<2,>0<2,>0<2,>0<2,5F6I_1
>6<8,>4<6,>6<8,>4<6,3MLT_1
>4<6,>4<6,>8,>8,3PNW_1
>2<4,>0<2,>2<4,>2<4,3GBM_1
>2<4,>0<2,>2<4,>2<4,3F12_1
>2<4,>0<2,>2<4,>2<4,4IJ3_1
>4<6,>0<2,>4<6,>2<4,3HR5_1
>4<6,>2<4,>8,>8,5B71_1
>0<2,>0<2,>0<2,>0<2,3DUR_1
>2<4,>0<2,>4<6,>2<4,1IT9_1
>0<2,>0<2,>0<2,>0<2,5U3M_1
>4<6,>2<4,>4<6,>4<6,6GK7_1
>6<8,>2<4,>6<8,>4<6,4PLJ_1
>4<6,>0<2,>4<6,>0<2,1CLO_1
>4<6,>2<4,>4<6,>4<6,4DKE_1
>0<2,>0<2,>0<2,>0<2,4DTG_1
>4<6,>0<2,>6<8,>4<6,5IHZ_2
>2<4,>0<2,>4<6,>2<4,3R1G_1
>2<4,>2<4,>4<6,>4<6,2PR4_1
>2<4,>0<2,>2<4,>2<4,5TF1_1
>2<4,>2<4,>2<4,>2<4,5WB9_1
>4<6,>2<4,>6<8,>4<6,4IMK_1
>4<6,>0<2,>4<6,>0<2,2R29_1
>0<2,>0<2,>0<2,>0<2,6BZU_1
>6<8,>4<6,>8,>6<8,3LRS_3
>2<4,>0<2,>2<4,>2<4,4N8C_1
>4<6,>2<4,>6<8,>6<8,4HK0_2
>2<4,>0<2,>2<4,>2<4,4AL8_1
>2<4,>0<2,>4<6,>2<4,2GK0_2
>2<4,>2<4,>4<6,>2<4,1CL7_1
>6<8,>2<4,>6<8,>4<6,3EFD_1
>4<6,>2<4,>8,>8,1DFB_1
>0<2,>0<2,>0<2,>0<2,1IC7_1
>0<2,>0<2,>0<2,>0<2,2IQ9_1
>4<6,>0<2,>6<8,>4<6,1UWG_1
>4<6,>2<4,>6<8,>4<6,4F37_1
>0<2,>0<2,>0<2,>0<2,3GNM_1
>0<2,>0<2,>2<4,>0<2,6A76_1
>0<2,>0<2,>4<6,>4<6,3H0T_1
>4<6,>2<4,>6<8,>4<6,4F2M_1
>4<6,>2<4,>4<6,>4<6,4ODH_1
>2<4,>0<2,>2<4,>0<2,4L5F_1
>2<4,>0<2,>2<4,>0<2,4FFV_1
>2<4,>0<2,>4<6,>2<4,4QEX_1
>2<4,>2<4,>4<6,>4<6,4MHJ_2
>2<4,>0<2,>2<4,>0<2,4JZN_1
>4<6,>2<4,>6<8,>4<6,1FBI_1
>2<4,>2<4,>4<6,>4<6,3NTC_1
>4<6,>2<4,>4<6,>4<6,1IGM_1
>2<4,>0<2,>2<4,>0<2,4KQ3_1
>4<6,>2<4,>4<6,>4<6,5ITB_1
>0<2,>0<2,>0<2,>0<2,5VJO_1
>2<4,>0<2,>4<6,>2<4,5VKK_1
>0<2,>0<2,>0<2,>0<2,4TTD_1
>2<4,>0<2,>2<4,>2<4,4QHU_1
>2<4,>0<2,>2<4,>0<2,4OTX_1
>0<2,>0<2,>0<2,>0<2,4OLW_1
>4<6,>2<4,>4<6,>2<4,5LBS_1
>4<6,>2<4,>8,>8,5DSC_1
>4<6,>2<4,>4<6,>4<6,3G6J_1
>6<8,>4<6,>8,>8,5CGY_1
>0<2,>0<2,>0<2,>0<2,5BK5_2
>2<4,>0<2,>6<8,>4<6,6E62_1
>0<2,>0<2,>2<4,>0<2,5DMG_1
>4<6,>0<2,>4<6,>2<4,6MHR_1
>2<4,>2<4,>2<4,>2<4,2BRR_1
>4<6,>2<4,>6<8,>2<4,1UWE_1
>0<2,>0<2,>2<4,>2<4,4DAG_1
>4<6,>2<4,>4<6,>4<6,5E08_1
>2<4,>0<2,>2<4,>2<4,3N85_1
>4<6,>2<4,>6<8,>4<6,3SO3_1
>4<6,>2<4,>6<8,>4<6,6FAX_1
>0<2,>0<2,>2<4,>2<4,6BFQ_1
>2<4,>0<2,>2<4,>0<2,5I30_1
>4<6,>4<6,>8,>8,6NZ7_1
>2<4,>2<4,>4<6,>2<4,3UTZ_3
>4<6,>2<4,>4<6,>2<4,3BKY_1
>2<4,>0<2,>4<6,>0<2,3PGF_1
>2<4,>0<2,>4<6,>2<4,1JNL_1
>0<2,>0<2,>2<4,>2<4,6DJP_2
>0<2,>0<2,>0<2,>0<2,5XCU_1
>2<4,>0<2,>4<6,>2<4,5TRU_1
>4<6,>2<4,>6<8,>2<4,4JR9_1
>4<6,>2<4,>6<8,>4<6,4HIE_1
>2<4,>0<2,>2<4,>2<4,5I1D_2
>0<2,>0<2,>0<2,>0<2,2QR0_1
>2<4,>0<2,>2<4,>0<2,3IY1_1
>4<6,>2<4,>4<6,>2<4,5WK2_1
>2<4,>2<4,>4<6,>2<4,6N5D_1
>0<2,>0<2,>0<2,>0<2,5ZXV_1
>4<6,>2<4,>6<8,>2<4,1RJL_1
>2<4,>0<2,>2<4,>2<4,5FGB_2
>4<6,>2<4,>6<8,>6<8,5HBT_1
>2<4,>0<2,>2<4,>0<2,1RZI_2
>2<4,>2<4,>2<4,>2<4,1MHP_1
>4<6,>2<4,>6<8,>4<6,5XS7_1
>0<2,>0<2,>2<4,>0<2,5VTA_1
>0<2,>0<2,>0<2,>0<2,5BMF_1
>2<4,>0<2,>4<6,>2<4,5F7E_1
>4<6,>2<4,>4<6,>2<4,3QPQ_1
>2<4,>2<4,>2<4,>2<4,4A6Y_1
>2<4,>0<2,>4<6,>2<4,5T1D_1
>2<4,>0<2,>2<4,>2<4,5I1K_1
>0<2,>0<2,>0<2,>0<2,4NRY_1
>6<8,>6<8,>8,>8,3MUG_1
>2<4,>0<2,>2<4,>0<2,1MEX_1
>4<6,>2<4,>8,>6<8,1A3R_1
>0<2,>0<2,>2<4,>0<2,5VYF_1
>2<4,>2<4,>4<6,>4<6,4U0R_1
>2<4,>2<4,>2<4,>2<4,5NIV_1
>0<2,>0<2,>2<4,>0<2,1JPS_1
>2<4,>0<2,>2<4,>2<4,2H9G_1
>6<8,>4<6,>8,>8,4FQK_1
>0<2,>0<2,>2<4,>2<4,6AQ7_1
>0<2,>0<2,>0<2,>0<2,6BPE_1
>2<4,>2<4,>4<6,>4<6,5NPH_1
>4<6,>2<4,>4<6,>4<6,4XAK_1
>6<8,>2<4,>8,>4<6,5EWI_1
>6<8,>4<6,>8,>8,4NUJ_1
>2<4,>0<2,>2<4,>2<4,4YHL_1
>2<4,>2<4,>4<6,>4<6,1A0Q_1
>4<6,>2<4,>6<8,>4<6,1AXS_1
>4<6,>2<4,>4<6,>2<4,3FO2_1
>8,>6<8,>8,>8,4M5Y_1
>4<6,>2<4,>4<6,>4<6,5BK1_2
>4<6,>2<4,>6<8,>4<6,5GZN_1
>6<8,>4<6,>8,>8,5WOB_4
>2<4,>0<2,>4<6,>2<4,4M43_1
>4<6,>2<4,>6<8,>4<6,5L0Q_1
>2<4,>0<2,>2<4,>0<2,1AY1_1
>0<2,>0<2,>0<2,>0<2,4PS4_1
>2<4,>0<2,>2<4,>0<2,1MVU_1
>4<6,>2<4,>6<8,>4<6,5WL2_1
>4<6,>2<4,>6<8,>6<8,5XHV_1
>4<6,>2<4,>4<6,>2<4,1LO4_1
>2<4,>0<2,>2<4,>0<2,4UIK_1
>6<8,>4<6,>8,>8,4IOF_2
>0<2,>0<2,>2<4,>2<4,2G60_1
>0<2,>0<2,>0<2,>0<2,4GAG_1
>2<4,>0<2,>2<4,>0<2,1I3G_1
>0<2,>0<2,>0<2,>0<2,5UKQ_1
>6<8,>6<8,>8,>8,4DQO_1
>4<6,>2<4,>4<6,>4<6,5EN2_1
>2<4,>2<4,>4<6,>2<4,3NCY_1
>8,>6<8,>8,>8,6QN7_1
>4<6,>2<4,>6<8,>6<8,4PUB_1
>6<8,>4<6,>8,>8,3P30_1
>2<4,>0<2,>4<6,>2<4,1H3P_1
>2<4,>0<2,>2<4,>2<4,5CP3_1
>0<2,>0<2,>0<2,>0<2,2DQC_1
>0<2,>0<2,>0<2,>0<2,4Y5V_1
>2<4,>2<4,>6<8,>6<8,5DD6_1
>0<2,>0<2,>0<2,>0<2,4R7N_1
>2<4,>0<2,>4<6,>4<6,5DLM_1
>4<6,>2<4,>6<8,>4<6,1OCW_1
>2<4,>0<2,>2<4,>2<4,2NZ9_1
>2<4,>2<4,>4<6,>2<4,3K2U_1
>6<8,>4<6,>8,>8,4WV1_1
>2<4,>0<2,>2<4,>2<4,2XZQ_1
>2<4,>0<2,>2<4,>0<2,5DQD_1
>6<8,>4<6,>8,>6<8,4UT9_1
>2<4,>0<2,>2<4,>2<4,6MTR_1
>4<6,>2<4,>4<6,>2<4,1CR9_1
>0<2,>0<2,>2<4,>0<2,5UBY_1
>2<4,>0<2,>2<4,>0<2,1UB6_1
>2<4,>2<4,>4<6,>2<4,4JY5_1
>2<4,>2<4,>4<6,>2<4,5YFI_1
>8,>8,>8,>8,5Y0A_1
>2<4,>0<2,>2<4,>0<2,4KMT_1
>2<4,>0<2,>2<4,>0<2,1FL3_1
>2<4,>0<2,>2<4,>2<4,5YUP_1
>0<2,>0<2,>0<2,>0<2,6CDM_1
>0<2,>0<2,>2<4,>2<4,4JY6_1
>0<2,>0<2,>0<2,>0<2,6BPC_1
>4<6,>2<4,>4<6,>2<4,5C0R_1
>6<8,>4<6,>8,>6<8,5EU7_1
>4<6,>2<4,>4<6,>4<6,4ZD3_1
>2<4,>0<2,>4<6,>2<4,4LKX_1
>0<2,>0<2,>0<2,>0<2,3O2V_1
>0<2,>0<2,>0<2,>0<2,6DLB_1
>4<6,>2<4,>8,>6<8,6EAY_1
>2<4,>2<4,>4<6,>2<4,4HC1_1
>6<8,>4<6,>8,>8,1ZA3_1
>2<4,>0<2,>4<6,>0<2,1BM3_1
>2<4,>2<4,>2<4,>2<4,5TZU_1
>4<6,>4<6,>8,>8,4YFL_2
>0<2,>0<2,>2<4,>0<2,5NYX_1
>4<6,>2<4,>8,>4<6,3DGG_1
>4<6,>2<4,>6<8,>4<6,2VWE_1
>2<4,>2<4,>2<4,>2<4,2B2X_1
>6<8,>4<6,>8,>8,4HFU_1
>2<4,>2<4,>2<4,>2<4,1T4K_1
>0<2,>0<2,>0<2,>0<2,1G7L_1
>2<4,>0<2,>2<4,>2<4,1XGT_1
>6<8,>2<4,>6<8,>4<6,3NPS_1
>4<6,>2<4,>6<8,>4<6,5VK2_1
>2<4,>0<2,>4<6,>2<4,4XCE_1
>2<4,>0<2,>2<4,>2<4,1GAF_1
>4<6,>4<6,>6<8,>6<8,6NB5_2
>4<6,>4<6,>8,>8,5Y2L_1
>0<2,>0<2,>2<4,>2<4,2ZPK_1
>2<4,>2<4,>8,>8,4YE4_1
>4<6,>4<6,>8,>6<8,4LF3_1
>2<4,>2<4,>6<8,>4<6,4U6V_1
>2<4,>0<2,>6<8,>4<6,3ZL4_1
>4<6,>4<6,>6<8,>6<8,4OSU_1
>2<4,>2<4,>6<8,>4<6,3MAC_1
>2<4,>0<2,>2<4,>2<4,5F3B_1
>2<4,>0<2,>2<4,>0<2,5K59_1
>0<2,>0<2,>0<2,>0<2,1YEE_1
>2<4,>0<2,>4<6,>2<4,3IY2_1
>0<2,>0<2,>0<2,>0<2,5W6D_1
>2<4,>0<2,>4<6,>2<4,5TDN_2
>4<6,>2<4,>8,>8,6BLA_1
>4<6,>2<4,>8,>6<8,2HH0_1
>2<4,>2<4,>2<4,>2<4,2HKF_1
>4<6,>2<4,>6<8,>4<6,5KVD_1
>4<6,>2<4,>4<6,>4<6,4HS8_1
>0<2,>0<2,>0<2,>0<2,4NRY_2
>6<8,>6<8,>8,>8,5UWE_1
>4<6,>2<4,>8,>8,4K23_1
>0<2,>0<2,>0<2,>0<2,4OLV_1
>2<4,>0<2,>2<4,>0<2,3MJ8_1
>0<2,>0<2,>0<2,>0<2,3TV3_1
>0<2,>0<2,>0<2,>0<2,4Y5Y_1
>6<8,>4<6,>8,>8,2GFB_1
>2<4,>0<2,>2<4,>0<2,3O6K_1
>0<2,>0<2,>0<2,>0<2,4OLX_1
>0<2,>0<2,>0<2,>0<2,4G6A_2
>0<2,>0<2,>0<2,>0<2,5T5B_1
>2<4,>2<4,>4<6,>4<6,5MHR_1
>0<2,>0<2,>0<2,>0<2,2EKS_1
>2<4,>0<2,>4<6,>2<4,5I66_1
>2<4,>0<2,>2<4,>0<2,1OAX_1
>2<4,>0<2,>2<4,>0<2,5MVZ_1
>4<6,>2<4,>6<8,>2<4,2H32_1
>0<2,>0<2,>2<4,>2<4,5MES_1
>4<6,>2<4,>8,>8,5WNA_1
>2<4,>0<2,>2<4,>0<2,5CZX_1
>4<6,>2<4,>4<6,>4<6,3J8V_1
>0<2,>0<2,>0<2,>0<2,4V1D_2
>2<4,>0<2,>2<4,>0<2,5UEK_1
>4<6,>2<4,>8,>8,5DUM_1
>2<4,>2<4,>2<4,>2<4,6O3A_1
>4<6,>2<4,>4<6,>4<6,5K9O_1
>2<4,>0<2,>4<6,>2<4,1IQD_1
>2<4,>2<4,>4<6,>2<4,6GFF_1
>0<2,>0<2,>0<2,>0<2,4BH7_1
>4<6,>2<4,>4<6,>4<6,6ID4_1
>4<6,>0<2,>4<6,>2<4,4MAU_1
>4<6,>2<4,>4<6,>2<4,6AND_1
>4<6,>2<4,>4<6,>2<4,2DTM_1
>2<4,>0<2,>4<6,>2<4,3VE0_1
>2<4,>0<2,>4<6,>2<4,5TGB_1
>2<4,>0<2,>4<6,>2<4,6DCA_1
>4<6,>2<4,>4<6,>4<6,5DO2_1
>6<8,>4<6,>8,>8,6QN9_1
>0<2,>0<2,>0<2,>0<2,1P4I_1
>2<4,>0<2,>2<4,>0<2,4FFW_1
>2<4,>0<2,>4<6,>2<4,1FH5_1
>4<6,>2<4,>6<8,>4<6,6NN3_1
>2<4,>2<4,>4<6,>2<4,3I02_1
>2<4,>0<2,>4<6,>4<6,3WSQ_1
>2<4,>2<4,>4<6,>2<4,5I1G_1
>4<6,>0<2,>4<6,>0<2,2Z4Q_1
>0<2,>0<2,>0<2,>0<2,1A7R_1
>4<6,>2<4,>8,>8,2JB5_1
>6<8,>4<6,>8,>6<8,3PJS_1
>4<6,>2<4,>4<6,>2<4,3LZF_1
>4<6,>2<4,>4<6,>4<6,6FY3_1
>4<6,>0<2,>6<8,>4<6,6AOD_1
>2<4,>0<2,>4<6,>4<6,6ANA_1
>2<4,>0<2,>2<4,>2<4,6OTC_1
>2<4,>2<4,>2<4,>2<4,6BFS_1
>0<2,>0<2,>0<2,>0<2,5NGV_1
>4<6,>2<4,>4<6,>2<4,6ANI_1
>2<4,>2<4,>4<6,>2<4,4OB5_1
>0<2,>0<2,>4<6,>6<8,5VR9_2
>4<6,>2<4,>6<8,>2<4,6CYF_1
>0<2,>0<2,>2<4,>2<4,1FJ1_1
>2<4,>2<4,>2<4,>2<4,6O39_1
>2<4,>2<4,>4<6,>2<4,2LTQ_2
>2<4,>0<2,>6<8,>4<6,6H0E_1
>2<4,>0<2,>2<4,>2<4,3FFD_1
>2<4,>0<2,>2<4,>0<2,4Z5R_1
>2<4,>0<2,>2<4,>2<4,1IGC_1
>4<6,>2<4,>4<6,>2<4,5CSZ_1
>2<4,>0<2,>2<4,>2<4,5VQM_1
>2<4,>0<2,>2<4,>2<4,3HZY_1
>2<4,>2<4,>4<6,>4<6,3MA9_1
>2<4,>2<4,>2<4,>2<4,2Y06_1
>4<6,>2<4,>4<6,>4<6,2V17_1
>0<2,>0<2,>2<4,>2<4,5I1E_1
>0<2,>0<2,>0<2,>0<2,2LTQ_1
>0<2,>0<2,>0<2,>0<2,4WUK_1
>4<6,>2<4,>6<8,>6<8,3SOB_1
>0<2,>0<2,>2<4,>2<4,5CEX_1
>2<4,>0<2,>2<4,>2<4,4M8Q_2
>0<2,>0<2,>2<4,>2<4,3IXX_1
>0<2,>0<2,>2<4,>2<4,5IBT_1
>2<4,>0<2,>4<6,>2<4,5CUS_1
>4<6,>2<4,>6<8,>4<6,5KEM_2
>2<4,>2<4,>2<4,>2<4,1BFO_1
>4<6,>2<4,>6<8,>6<8,5TPN_1
>2<4,>0<2,>2<4,>0<2,1YNL_1
>4<6,>2<4,>6<8,>4<6,2G2R_1
>4<6,>2<4,>6<8,>4<6,6B14_1
>2<4,>0<2,>4<6,>2<4,3IFO_1
>4<6,>2<4,>4<6,>4<6,4POZ_1
>0<2,>0<2,>2<4,>0<2,5W0K_1
>2<4,>0<2,>4<6,>2<4,4Z0X_1
>4<6,>2<4,>6<8,>6<8,1F8T_1
>2<4,>0<2,>2<4,>0<2,5DWU_1
>2<4,>2<4,>4<6,>2<4,5Y11_1
>2<4,>0<2,>4<6,>2<4,3QUM_2
>2<4,>0<2,>2<4,>2<4,1NL0_1
>4<6,>2<4,>4<6,>2<4,4XHJ_1
>2<4,>2<4,>4<6,>4<6,6CNR_1
>2<4,>0<2,>2<4,>0<2,5GKR_1
>0<2,>0<2,>2<4,>0<2,4TSB_1
>2<4,>2<4,>2<4,>2<4,4S2S_1
>4<6,>2<4,>8,>8,1KNO_1
>2<4,>0<2,>2<4,>2<4,2XKN_1
>4<6,>2<4,>6<8,>4<6,5GS1_1
>2<4,>0<2,>2<4,>2<4,4GMS_2
>4<6,>2<4,>4<6,>2<4,3QHF_1
>0<2,>0<2,>0<2,>0<2,4XBG_5
>2<4,>0<2,>2<4,>2<4,6BB4_1
>4<6,>2<4,>6<8,>4<6,5VOB_1
>4<6,>0<2,>6<8,>2<4,5TIH_1
>4<6,>2<4,>8,>8,3IY7_1
>4<6,>2<4,>4<6,>4<6,6BLI_1
>4<6,>2<4,>8,>6<8,3G04_1
>0<2,>0<2,>0<2,>0<2,1FDL_1
>0<2,>0<2,>2<4,>2<4,1KCR_1
>4<6,>2<4,>6<8,>6<8,6APD_1
>4<6,>2<4,>4<6,>2<4,2PCP_1
>6<8,>6<8,>8,>8,6E3H_1
>2<4,>0<2,>2<4,>2<4,4MHJ_1
>4<6,>2<4,>8,>6<8,5KVF_1
>4<6,>4<6,>6<8,>4<6,5M63_1
>6<8,>4<6,>8,>8,6CMG_1
>4<6,>0<2,>6<8,>6<8,6A3W_1
>4<6,>2<4,>6<8,>4<6,5W24_1
>2<4,>0<2,>2<4,>0<2,6B9J_1
>2<4,>0<2,>2<4,>0<2,2D7T_1
>4<6,>4<6,>8,>8,6ANP_2
>2<4,>2<4,>4<6,>4<6,6A0X_1
>4<6,>2<4,>6<8,>4<6,5VIG_1
>2<4,>2<4,>4<6,>4<6,3UTZ_1
>2<4,>0<2,>2<4,>2<4,4R4B_1
>4<6,>2<4,>4<6,>4<6,1FNS_1
>4<6,>2<4,>6<8,>4<6,1OAK_1
>2<4,>2<4,>4<6,>4<6,3EYF_1
>2<4,>2<4,>2<4,>2<4,4M61_1
>2<4,>0<2,>2<4,>2<4,5HDQ_1
>6<8,>2<4,>8,>6<8,4UU9_1
>0<2,>0<2,>0<2,>0<2,2UUD_1
>6<8,>2<4,>8,>6<8,6IEK_1
>2<4,>2<4,>6<8,>6<8,5GJS_1
>6<8,>2<4,>6<8,>6<8,5EII_1
>0<2,>0<2,>0<2,>0<2,1CLY_1
>4<6,>0<2,>4<6,>0<2,4JLR_1
>0<2,>0<2,>0<2,>0<2,3GK8_1
>2<4,>2<4,>8,>6<8,4LLV_2
>4<6,>2<4,>4<6,>4<6,5B3J_1
>0<2,>0<2,>0<2,>0<2,5IQ7_1
>0<2,>0<2,>0<2,>0<2,5F96_1
>0<2,>0<2,>0<2,>0<2,5X08_1
>2<4,>0<2,>2<4,>0<2,1OAQ_1
>0<2,>0<2,>0<2,>0<2,6CSE_1
>4<6,>2<4,>6<8,>4<6,4YWG_1
>4<6,>2<4,>6<8,>4<6,1EO8_1
>2<4,>0<2,>4<6,>2<4,3Q6G_2
>2<4,>2<4,>2<4,>2<4,4YR6_1
>0<2,>0<2,>0<2,>0<2,4JPI_1
>4<6,>2<4,>6<8,>2<4,4X80_1
>0<2,>0<2,>0<2,>0<2,1K6Q_1
>2<4,>2<4,>2<4,>2<4,4JFX_1
>4<6,>0<2,>4<6,>0<2,3DIF_1
>4<6,>2<4,>6<8,>4<6,32C2_1
>4<6,>2<4,>8,>8,5DD6_2
>2<4,>2<4,>4<6,>4<6,5VAG_1
>4<6,>2<4,>4<6,>4<6,5TRP_1
>2<4,>2<4,>4<6,>2<4,1NCW_1
>4<6,>2<4,>6<8,>4<6,4HXB_1
>2<4,>0<2,>2<4,>2<4,4WEB_1
>2<4,>0<2,>2<4,>2<4,3RKD_1
>2<4,>2<4,>2<4,>2<4,4RGN_2
>6<8,>4<6,>8,>8,4NWT_1
>4<6,>2<4,>6<8,>6<8,1SY6_1
>4<6,>2<4,>6<8,>2<4,4PY7_1
>4<6,>2<4,>6<8,>4<6,6ELE_1
>2<4,>0<2,>2<4,>0<2,5GS0_1
>0<2,>0<2,>2<4,>2<4,2FGW_1
>0<2,>0<2,>0<2,>0<2,1IC4_1
>2<4,>2<4,>4<6,>4<6,5XMH_1
>4<6,>2<4,>4<6,>2<4,4NKM_1
>2<4,>0<2,>4<6,>2<4,4F33_1
>2<4,>0<2,>2<4,>2<4,4NP4_1
>4<6,>0<2,>4<6,>2<4,5EOR_1
>0<2,>0<2,>2<4,>2<4,4NPY_1
>4<6,>2<4,>4<6,>2<4,4NKD_1
>0<2,>0<2,>0<2,>0<2,5U3O_1
>2<4,>0<2,>2<4,>2<4,4HDI_1
>2<4,>0<2,>2<4,>2<4,5WTG_1
>2<4,>0<2,>2<4,>2<4,3ULS_1
>0<2,>0<2,>0<2,>0<2,5UKN_1
>0<2,>0<2,>2<4,>0<2,6BDZ_1
>0<2,>0<2,>0<2,>0<2,6D0U_1
>6<8,>6<8,>8,>8,4OD3_1
>0<2,>0<2,>0<2,>0<2,4YHZ_1
>4<6,>2<4,>4<6,>2<4,6I8S_1
>4<6,>2<4,>4<6,>4<6,1MRC_1
>2<4,>0<2,>2<4,>2<4,1GGB_1
>2<4,>0<2,>2<4,>2<4,2AEQ_1
>0<2,>0<2,>0<2,>0<2,5XCU_2
>4<6,>2<4,>6<8,>4<6,3I9G_1
>0<2,>0<2,>2<4,>2<4,5OBF_1
>2<4,>2<4,>4<6,>2<4,2IQA_1
>2<4,>0<2,>2<4,>2<4,2ORB_1
>4<6,>2<4,>4<6,>4<6,4QTH_1
>0<2,>0<2,>0<2,>0<2,1KIP_1
>0<2,>0<2,>0<2,>0<2,6DLA_1
>4<6,>2<4,>6<8,>2<4,1SBS_1
>0<2,>0<2,>0<2,>0<2,4FNL_1
>2<4,>0<2,>2<4,>0<2,4EBQ_1
>2<4,>2<4,>2<4,>2<4,5I8C_1
>0<2,>0<2,>0<2,>0<2,2EIZ_1
>4<6,>4<6,>6<8,>6<8,6MEF_1
>4<6,>2<4,>4<6,>4<6,5VOD_1
>6<8,>4<6,>8,>8,5UG0_1
>2<4,>2<4,>2<4,>2<4,5O6V_1
>4<6,>2<4,>4<6,>2<4,1NC2_1
>2<4,>0<2,>6<8,>4<6,2J88_1
>0<2,>0<2,>0<2,>0<2,5ESV_1
>4<6,>4<6,>8,>8,3IDX_1
>2<4,>0<2,>2<4,>0<2,1OAX_4
>0<2,>0<2,>0<2,>0<2,1NDG_1
>4<6,>2<4,>6<8,>4<6,5B4M_1
>4<6,>2<4,>4<6,>2<4,4HCR_1
>0<2,>0<2,>0<2,>0<2,5CEY_1
>0<2,>0<2,>2<4,>2<4,2E27_1
>2<4,>0<2,>2<4,>0<2,1MIM_1
>2<4,>2<4,>4<6,>4<6,3FZU_1
>4<6,>2<4,>4<6,>2<4,1C5D_1
>0<2,>0<2,>2<4,>2<4,4FQ1_1
>0<2,>0<2,>0<2,>0<2,5BK5_3
>4<6,>2<4,>6<8,>4<6,2VXV_1
>2<4,>2<4,>4<6,>4<6,4K7P_1
>4<6,>4<6,>6<8,>6<8,3QEG_1
>2<4,>0<2,>2<4,>2<4,4LVH_3
>0<2,>0<2,>0<2,>0<2,4LRI_2
>2<4,>0<2,>2<4,>0<2,6APC_1
>4<6,>2<4,>4<6,>2<4,5ODB_1
>2<4,>0<2,>4<6,>2<4,6J5D_1
>2<4,>0<2,>4<6,>2<4,6AXL_1
>4<6,>2<4,>4<6,>2<4,1YJD_1
>0<2,>0<2,>0<2,>0<2,4OLU_1
>4<6,>2<4,>4<6,>4<6,1ADQ_1
>2<4,>0<2,>4<6,>2<4,4OQT_1
>4<6,>2<4,>6<8,>6<8,3J8Z_1
>2<4,>0<2,>2<4,>2<4,4LLU_1
>4<6,>2<4,>6<8,>6<8,4NZU_1
>2<4,>0<2,>4<6,>2<4,5W05_1
>0<2,>0<2,>2<4,>0<2,1S3K_1
>2<4,>0<2,>2<4,>2<4,2HFF_2
>4<6,>4<6,>4<6,>4<6,6II4_1
>0<2,>0<2,>0<2,>0<2,3UJT_1
>2<4,>0<2,>2<4,>2<4,5D96_1
>4<6,>2<4,>6<8,>4<6,5A3I_1
>4<6,>2<4,>6<8,>4<6,5O4O_1
>2<4,>0<2,>2<4,>0<2,1A6T_1
>2<4,>0<2,>4<6,>4<6,4OD2_1
>4<6,>2<4,>4<6,>4<6,5I17_1
>4<6,>2<4,>4<6,>2<4,2XQB_1
>2<4,>0<2,>2<4,>0<2,5X8L_1
>2<4,>0<2,>4<6,>2<4,1PKQ_1
>4<6,>0<2,>4<6,>0<2,5TKK_1
>4<6,>2<4,>6<8,>4<6,3TNM_1
>0<2,>0<2,>0<2,>0<2,2Q76_1
>2<4,>0<2,>2<4,>2<4,4XTR_1
>4<6,>2<4,>4<6,>4<6,4KUC_1
>2<4,>0<2,>2<4,>2<4,3F12_2
>2<4,>0<2,>2<4,>0<2,1QKZ_1
>2<4,>2<4,>4<6,>2<4,6AZZ_1
>4<6,>2<4,>4<6,>2<4,4LSR_1
>4<6,>2<4,>8,>8,4S1D_1
>2<4,>2<4,>2<4,>2<4,4J1U_1
>0<2,>0<2,>0<2,>0<2,6B0E_1
>2<4,>0<2,>2<4,>2<4,3U9U_1
>2<4,>0<2,>2<4,>0<2,5UCB_1
>2<4,>2<4,>2<4,>2<4,2R8S_1
>2<4,>2<4,>2<4,>2<4,3L95_1
>2<4,>0<2,>2<4,>2<4,3S34_1
>2<4,>2<4,>2<4,>2<4,5UOE_1
>4<6,>4<6,>8,>8,5E8E_1
>0<2,>0<2,>0<2,>0<2,5CEY_2
>0<2,>0<2,>2<4,>2<4,4LU5_1
>2<4,>0<2,>2<4,>2<4,3G5Y_1
>4<6,>2<4,>8,>8,5JW5_2
>0<2,>0<2,>0<2,>0<2,4BKL_1
>2<4,>0<2,>2<4,>2<4,3OPZ_2
>4<6,>2<4,>6<8,>4<6,1RIH_1
>0<2,>0<2,>0<2,>0<2,1G7J_1
>4<6,>2<4,>6<8,>4<6,5JRP_1
>2<4,>0<2,>6<8,>6<8,4M62_1
>4<6,>2<4,>4<6,>4<6,6GKU_1
>2<4,>0<2,>2<4,>2<4,1DL7_1
>2<4,>0<2,>2<4,>2<4,4OII_1
>0<2,>0<2,>2<4,>0<2,1FSK_1
>4<6,>2<4,>4<6,>2<4,3BDY_1
>2<4,>0<2,>2<4,>0<2,4RAU_1
>2<4,>0<2,>2<4,>0<2,5I1A_1
>4<6,>2<4,>6<8,>4<6,5X8M_1
>0<2,>0<2,>2<4,>0<2,1T2Q_1
>0<2,>0<2,>4<6,>2<4,4DKF_1
>4<6,>2<4,>6<8,>4<6,5JQ6_1
>4<6,>2<4,>6<8,>4<6,3FN0_1
>0<2,>0<2,>0<2,>0<2,1ORS_1
>2<4,>2<4,>8,>6<8,4NYL_4
>4<6,>4<6,>8,>8,3OAU_1
>0<2,>0<2,>2<4,>0<2,5YY5_1
>2<4,>0<2,>2<4,>2<4,3SQO_1
>4<6,>4<6,>6<8,>6<8,2FB4_1
>2<4,>0<2,>2<4,>2<4,1JHK_1
>2<4,>0<2,>4<6,>2<4,6N4Q_1
>2<4,>2<4,>4<6,>2<4,1GIG_1
>2<4,>0<2,>2<4,>0<2,4HXA_1
>2<4,>2<4,>4<6,>4<6,3W2D_1
>4<6,>2<4,>8,>8,3WKM_1
>4<6,>2<4,>6<8,>4<6,6JMR_2
>0<2,>0<2,>0<2,>0<2,5IBL_1
>2<4,>0<2,>4<6,>2<4,5XQW_1
>4<6,>2<4,>4<6,>2<4,2ZCH_1
>0<2,>0<2,>2<4,>0<2,4KPH_1
>0<2,>0<2,>2<4,>0<2,5KG9_1
>4<6,>2<4,>6<8,>4<6,1AQK_1
>0<2,>0<2,>0<2,>0<2,1G7M_1
>2<4,>0<2,>4<6,>2<4,3OPZ_1
>4<6,>2<4,>4<6,>4<6,5EOC_1
>2<4,>2<4,>4<6,>4<6,6CEZ_1
>0<2,>0<2,>2<4,>0<2,1L7T_1
>2<4,>0<2,>2<4,>2<4,3GBN_1
>2<4,>2<4,>4<6,>4<6,3KJ4_2
>0<2,>0<2,>2<4,>2<4,6MEG_1
>2<4,>0<2,>2<4,>2<4,1XGR_1
>4<6,>2<4,>6<8,>6<8,4ZS6_1
>4<6,>2<4,>6<8,>4<6,5VL7_1
>0<2,>0<2,>0<2,>0<2,4UT6_1
>4<6,>2<4,>4<6,>2<4,1B2W_1
>4<6,>4<6,>6<8,>4<6,5MP6_1
>2<4,>2<4,>4<6,>4<6,4D9Q_1
>4<6,>2<4,>8,>6<8,6IEA_1
>4<6,>2<4,>4<6,>4<6,6GLX_1
>0<2,>0<2,>2<4,>0<2,4XGZ_1
>2<4,>0<2,>2<4,>0<2,5WCD_1
>2<4,>0<2,>4<6,>4<6,6DWI_1
>2<4,>0<2,>6<8,>4<6,4LVN_1
>2<4,>0<2,>2<4,>2<4,5IFH_1
>0<2,>0<2,>0<2,>0<2,5UKP_1
>0<2,>0<2,>2<4,>2<4,5IKC_1
>2<4,>0<2,>2<4,>0<2,4QHK_1
>2<4,>0<2,>2<4,>2<4,5CP7_1
>2<4,>2<4,>4<6,>4<6,2F5A_1
>4<6,>2<4,>8,>6<8,5DD5_1
>0<2,>0<2,>0<2,>0<2,3NAC_1
>4<6,>2<4,>6<8,>6<8,3VG9_1
>0<2,>0<2,>0<2,>0<2,6B0G_1
>4<6,>2<4,>6<8,>2<4,3IY4_1
>0<2,>0<2,>0<2,>0<2,1YEC_1
>4<6,>2<4,>4<6,>2<4,5XCX_1
>6<8,>2<4,>8,>4<6,6MJZ_1
>2<4,>0<2,>4<6,>2<4,2R0K_1
>4<6,>4<6,>8,>8,5Y2K_2
>4<6,>2<4,>4<6,>2<4,2HFG_1
>0<2,>0<2,>0<2,>0<2,5T29_1
>4<6,>2<4,>4<6,>4<6,3KR3_1
>0<2,>0<2,>0<2,>0<2,5TKJ_1
>2<4,>2<4,>4<6,>2<4,4WCY_1
>0<2,>0<2,>0<2,>0<2,5SY8_1
>4<6,>2<4,>6<8,>6<8,3UJI_1
>4<6,>2<4,>4<6,>2<4,4R4N_1
>2<4,>2<4,>2<4,>2<4,2W60_1
>4<6,>2<4,>4<6,>2<4,4YQX_1
>0<2,>0<2,>0<2,>0<2,3IY0_1
>2<4,>2<4,>6<8,>4<6,5I8K_1
>0<2,>0<2,>0<2,>0<2,2ORB_2
>0<2,>0<2,>0<2,>0<2,5UMN_1
>4<6,>2<4,>6<8,>4<6,1IAI_2
>0<2,>0<2,>0<2,>0<2,4RZC_2
>0<2,>0<2,>0<2,>0<2,5F9O_1
>2<4,>2<4,>2<4,>2<4,5BK3_1
>2<4,>0<2,>2<4,>2<4,3LH2_1
>2<4,>2<4,>4<6,>4<6,4HFW_1
>6<8,>6<8,>8,>8,4IML_1
>2<4,>0<2,>4<6,>2<4,3BSZ_1
>2<4,>0<2,>2<4,>2<4,6FGB_1
>0<2,>0<2,>2<4,>0<2,1UJ3_1
>4<6,>2<4,>4<6,>4<6,4GLR_1
>4<6,>2<4,>4<6,>4<6,5B3J_2
>2<4,>2<4,>4<6,>4<6,1MCP_1
>2<4,>0<2,>4<6,>2<4,5ANM_1
>2<4,>2<4,>4<6,>2<4,4R96_1
>2<4,>0<2,>4<6,>4<6,1Q72_1
>4<6,>2<4,>6<8,>4<6,3U36_1
>2<4,>2<4,>8,>6<8,4ZYK_2
>0<2,>0<2,>0<2,>0<2,2VXQ_1
>0<2,>0<2,>0<2,>0<2,2RCJ_1
>0<2,>0<2,>0<2,>0<2,5LDN_1
>6<8,>4<6,>8,>6<8,5BJZ_1
>2<4,>0<2,>2<4,>2<4,1CT8_1
>0<2,>0<2,>2<4,>0<2,3IJH_1
>4<6,>2<4,>6<8,>4<6,5GMQ_1
>2<4,>0<2,>4<6,>2<4,3S62_1
>4<6,>2<4,>4<6,>4<6,5I5K_1
>4<6,>2<4,>4<6,>2<4,5LSP_1
>2<4,>0<2,>2<4,>2<4,5N4G_1
>2<4,>0<2,>2<4,>0<2,5MO9_1
>2<4,>0<2,>4<6,>4<6,2R56_1
>4<6,>2<4,>4<6,>2<4,1TZI_1
>0<2,>0<2,>2<4,>0<2,4HPY_1
>2<4,>0<2,>4<6,>4<6,1Y0L_1
>2<4,>0<2,>2<4,>2<4,1BZ7_1
>4<6,>2<4,>6<8,>4<6,5IHZ_1
>4<6,>2<4,>4<6,>4<6,3TNM_2
>0<2,>0<2,>2<4,>0<2,4XH2_2
>2<4,>0<2,>2<4,>0<2,1Q0X_1
>4<6,>2<4,>8,>6<8,5DRZ_1
>6<8,>4<6,>8,>8,4YDK_1
>2<4,>2<4,>4<6,>2<4,6OE4_1
>0<2,>0<2,>0<2,>0<2,4XBG_4
>2<4,>2<4,>6<8,>4<6,1RZF_1
>6<8,>4<6,>8,>8,4F57_1
>2<4,>0<2,>2<4,>0<2,5UMI_1
>4<6,>2<4,>8,>6<8,2YPV_1
>4<6,>2<4,>4<6,>4<6,3MLT_3
>4<6,>2<4,>4<6,>4<6,5EOC_2
>4<6,>2<4,>8,>8,4LLV_3
>2<4,>2<4,>2<4,>2<4,1QNZ_1
>2<4,>0<2,>4<6,>4<6,1E4X_2
>0<2,>0<2,>0<2,>0<2,5XCS_1
>0<2,>0<2,>2<4,>0<2,5XCT_1
>2<4,>0<2,>4<6,>4<6,6EWB_1
>0<2,>0<2,>0<2,>0<2,3HC3_1
>4<6,>2<4,>6<8,>2<4,5WI9_1
>2<4,>0<2,>2<4,>2<4,3GBM_2
>0<2,>0<2,>0<2,>0<2,6BZV_1
>2<4,>0<2,>2<4,>0<2,5VSH_1
>0<2,>0<2,>2<4,>2<4,5TBD_1
>2<4,>2<4,>4<6,>2<4,6MTT_1
>0<2,>0<2,>0<2,>0<2,1FVD_1
>2<4,>0<2,>4<6,>0<2,6MTP_1
>0<2,>0<2,>0<2,>0<2,4TSA_1
>2<4,>2<4,>4<6,>2<4,4HG4_2
>4<6,>2<4,>4<6,>2<4,5CWS_1
>2<4,>2<4,>6<8,>4<6,4KY1_1
>4<6,>2<4,>6<8,>4<6,6AD0_1
>4<6,>2<4,>6<8,>4<6,1QFU_1
>2<4,>2<4,>4<6,>2<4,5DUR_1
>0<2,>0<2,>0<2,>0<2,4OLZ_1
>2<4,>0<2,>2<4,>0<2,6EYN_1
>4<6,>2<4,>6<8,>4<6,4G80_1
>0<2,>0<2,>0<2,>0<2,6A79_1
>4<6,>2<4,>6<8,>6<8,5GGT_1
>4<6,>2<4,>4<6,>4<6,1TZH_1
>6<8,>4<6,>8,>8,5ALB_1
>4<6,>2<4,>4<6,>4<6,3U6R_1
>2<4,>0<2,>2<4,>2<4,4JPI_2
>0<2,>0<2,>0<2,>0<2,3NCJ_1
>0<2,>0<2,>0<2,>0<2,4JJ5_1
>0<2,>0<2,>0<2,>0<2,5U3N_1
>2<4,>0<2,>2<4,>0<2,4O02_1
>4<6,>2<4,>4<6,>2<4,3VRL_1
>4<6,>2<4,>6<8,>4<6,3SDY_1
>4<6,>0<2,>4<6,>2<4,2FBJ_1
>4<6,>2<4,>4<6,>4<6,5WKO_1
>4<6,>2<4,>4<6,>2<4,1FPT_1
>0<2,>0<2,>2<4,>2<4,5WCC_1
>0<2,>0<2,>2<4,>0<2,5YY5_2
>0<2,>0<2,>0<2,>0<2,4TSC_1
>0<2,>0<2,>0<2,>0<2,1P2C_1
>2<4,>0<2,>2<4,>0<2,6EMJ_2
>0<2,>0<2,>2<4,>0<2,3C5S_2
>0<2,>0<2,>2<4,>0<2,4XH2_3
>8,>6<8,>8,>8,1FAI_1
>0<2,>0<2,>2<4,>2<4,2AEP_1
>0<2,>0<2,>2<4,>2<4,4XMM_1
>2<4,>0<2,>2<4,>0<2,2AGJ_1
>0<2,>0<2,>0<2,>0<2,3EYS_1
>4<6,>2<4,>4<6,>4<6,6AMJ_1
>2<4,>0<2,>2<4,>0<2,5KQV_1
>4<6,>2<4,>8,>6<8,5V2A_1
>6<8,>6<8,>8,>8,5VIY_2
>4<6,>2<4,>6<8,>2<4,4ZYK_1
>2<4,>0<2,>2<4,>2<4,1L7I_1
>2<4,>2<4,>6<8,>4<6,1F3D_1
>0<2,>0<2,>0<2,>0<2,4YAQ_1
>2<4,>0<2,>2<4,>2<4,4LEX_1
>0<2,>0<2,>0<2,>0<2,3L5X_1
>4<6,>2<4,>8,>8,5DD0_1
>2<4,>2<4,>4<6,>2<4,5BO1_1
>2<4,>0<2,>2<4,>2<4,6H3T_1
>2<4,>2<4,>6<8,>4<6,1IGY_1
>2<4,>2<4,>4<6,>2<4,3O41_1
>4<6,>0<2,>8,>4<6,3J70_1
>2<4,>2<4,>2<4,>2<4,5E8D_1
>2<4,>0<2,>4<6,>2<4,4M6M_1
>4<6,>2<4,>4<6,>2<4,6N5E_1
>2<4,>0<2,>2<4,>2<4,5KN5_1
>4<6,>2<4,>6<8,>6<8,6DEZ_2
>4<6,>4<6,>6<8,>6<8,3QEH_1
>0<2,>0<2,>2<4,>2<4,4XCY_4
>4<6,>2<4,>8,>8,43C9_1
>4<6,>2<4,>6<8,>4<6,3PHQ_1
>4<6,>2<4,>4<6,>4<6,6DDR_1
>4<6,>2<4,>6<8,>4<6,3EYO_2
>2<4,>0<2,>4<6,>2<4,5DFV_1
>0<2,>0<2,>0<2,>0<2,1J1X_1
>0<2,>0<2,>4<6,>2<4,2VXT_1
>4<6,>2<4,>4<6,>4<6,4WUU_1
>2<4,>0<2,>4<6,>4<6,6H5N_1
>4<6,>2<4,>4<6,>2<4,1U6A_1
>4<6,>4<6,>8,>6<8,4ERS_1
>4<6,>2<4,>6<8,>4<6,4AEI_1
>2<4,>0<2,>2<4,>0<2,5YSL_1
>4<6,>2<4,>4<6,>2<4,5W06_1
>0<2,>0<2,>2<4,>2<4,4AMK_1
>2<4,>0<2,>4<6,>2<4,5I1H_1
>2<4,>0<2,>4<6,>2<4,5CZV_1
>4<6,>2<4,>4<6,>4<6,5H35_1
>4<6,>2<4,>6<8,>4<6,6ATT_1
>2<4,>0<2,>2<4,>2<4,4DN3_1
>2<4,>0<2,>2<4,>2<4,4RNR_1
>0<2,>0<2,>2<4,>0<2,3MBX_1
>4<6,>2<4,>6<8,>6<8,6I9I_1
>0<2,>0<2,>0<2,>0<2,4G6A_1
>2<4,>2<4,>2<4,>2<4,3B2U_1
>2<4,>2<4,>4<6,>2<4,6DDM_1
>2<4,>0<2,>2<4,>2<4,6DJP_1
>2<4,>2<4,>4<6,>4<6,5I1I_1
>4<6,>2<4,>6<8,>4<6,1NMB_1
>2<4,>0<2,>2<4,>2<4,3FMG_1
>2<4,>2<4,>4<6,>4<6,4RGM_1
>0<2,>0<2,>2<4,>2<4,3EYQ_1
>0<2,>0<2,>2<4,>0<2,5D9Q_1
>0<2,>0<2,>0<2,>0<2,2IPT_1
>4<6,>2<4,>6<8,>2<4,4G7V_1
>4<6,>2<4,>4<6,>4<6,2YMX_1
>4<6,>0<2,>4<6,>0<2,5FHB_1
>2<4,>0<2,>2<4,>0<2,6AYZ_1
>0<2,>0<2,>0<2,>0<2,4RDQ_1
>2<4,>0<2,>4<6,>2<4,1HIL_1
>2<4,>0<2,>2<4,>0<2,1UB5_1
>0<2,>0<2,>0<2,>0<2,5JOP_1
>4<6,>2<4,>6<8,>4<6,4UAO_1
>2<4,>0<2,>2<4,>0<2,3U30_1
>2<4,>0<2,>2<4,>0<2,4KVN_1
>2<4,>0<2,>2<4,>2<4,3I50_1
>2<4,>2<4,>2<4,>2<4,6NB3_1
>0<2,>0<2,>0<2,>0<2,4UT7_1
>2<4,>2<4,>4<6,>4<6,1MAM_1
>4<6,>2<4,>4<6,>2<4,1H0D_1
>0<2,>0<2,>0<2,>0<2,1A7Q_1
>0<2,>0<2,>2<4,>2<4,6AXK_1
>2<4,>0<2,>4<6,>2<4,5N2K_1
>2<4,>2<4,>2<4,>2<4,5AZ2_1
>2<4,>0<2,>4<6,>2<4,3EO9_1
>2<4,>0<2,>4<6,>2<4,5MYX_1
>2<4,>2<4,>2<4,>2<4,5IGX_1
>4<6,>2<4,>4<6,>4<6,5I17_2
>4<6,>2<4,>6<8,>4<6,5OPY_1
>0<2,>0<2,>2<4,>2<4,5CIN_1
>2<4,>0<2,>2<4,>2<4,3EO0_1
>4<6,>2<4,>6<8,>4<6,5MHE_1
>4<6,>2<4,>4<6,>4<6,2QHR_1
>2<4,>0<2,>2<4,>2<4,3HAE_1
>4<6,>2<4,>6<8,>4<6,6IVZ_1
>2<4,>0<2,>4<6,>2<4,4JDV_1
>4<6,>2<4,>4<6,>2<4,4YUE_1
>0<2,>0<2,>0<2,>0<2,5KVL_1
>2<4,>2<4,>4<6,>2<4,3VI3_1
>8,>6<8,>8,>8,4ORG_2
>0<2,>0<2,>0<2,>0<2,2DQE_1
>4<6,>2<4,>6<8,>6<8,1IKF_1
>0<2,>0<2,>2<4,>2<4,5WTT_1
>4<6,>2<4,>8,>8,6CA7_1
>0<2,>0<2,>2<4,>0<2,4QF1_1
>4<6,>2<4,>6<8,>4<6,4YBL_1
>2<4,>2<4,>4<6,>4<6,4LMQ_1
>2<4,>0<2,>4<6,>2<4,5BV7_1
>4<6,>2<4,>4<6,>4<6,5H2B_1
>6<8,>2<4,>6<8,>4<6,6CNJ_1
>4<6,>2<4,>4<6,>4<6,4IRZ_1
>4<6,>2<4,>8,>8,5ALC_1
>6<8,>4<6,>8,>6<8,4R8W_1
>2<4,>0<2,>2<4,>0<2,6MTO_1
>2<4,>0<2,>2<4,>2<4,5TZ2_1
>6<8,>4<6,>6<8,>6<8,5DUP_1
>0<2,>0<2,>2<4,>0<2,5TPL_1
>4<6,>2<4,>4<6,>2<4,6II8_1
>0<2,>0<2,>0<2,>0<2,1J1O_1
>2<4,>0<2,>2<4,>0<2,5MU0_1
>4<6,>2<4,>8,>8,5DRN_1
>2<4,>0<2,>4<6,>2<4,4FFZ_1
>2<4,>0<2,>4<6,>2<4,2XQY_1
>4<6,>2<4,>6<8,>4<6,5WL2_2
>4<6,>2<4,>4<6,>4<6,5JO4_2
>2<4,>0<2,>2<4,>2<4,2JIX_1
>2<4,>2<4,>4<6,>2<4,3UTZ_2
>4<6,>2<4,>6<8,>4<6,4BZ2_1
>2<4,>2<4,>4<6,>2<4,1DEE_1
>6<8,>4<6,>8,>8,5TY6_1
>4<6,>4<6,>8,>8,6MED_1
>2<4,>0<2,>4<6,>0<2,6EYN_2
>0<2,>0<2,>2<4,>0<2,5XCQ_1
>0<2,>0<2,>0<2,>0<2,6MYY_1
>0<2,>0<2,>2<4,>2<4,6C6X_1
>0<2,>0<2,>2<4,>2<4,4LCI_1
>2<4,>2<4,>4<6,>2<4,5ADO_1
>2<4,>0<2,>4<6,>2<4,5GZO_1
>6<8,>4<6,>8,>8,5WOB_6
>2<4,>2<4,>6<8,>4<6,1NFD_1
>2<4,>2<4,>2<4,>2<4,5V7R_1
>0<2,>0<2,>2<4,>0<2,2HFF_1
>2<4,>0<2,>2<4,>0<2,4JZO_1
>2<4,>0<2,>2<4,>2<4,1AFV_1
>2<4,>0<2,>2<4,>0<2,2VQ1_1
>4<6,>2<4,>6<8,>6<8,5W2B_1
>0<2,>0<2,>0<2,>0<2,4RZC_1
>2<4,>2<4,>4<6,>4<6,5XAJ_2
>2<4,>2<4,>6<8,>6<8,2XWT_1
>2<4,>0<2,>2<4,>0<2,5TH9_1
>2<4,>0<2,>2<4,>2<4,6BPA_1
>4<6,>4<6,>6<8,>6<8,4N9G_4
>4<6,>2<4,>4<6,>2<4,3QHZ_1
>4<6,>2<4,>4<6,>2<4,1OPG_1
>2<4,>2<4,>4<6,>4<6,6A67_1
>2<4,>0<2,>2<4,>0<2,1I9R_1
>2<4,>0<2,>4<6,>2<4,1MFA_1
>4<6,>2<4,>6<8,>4<6,6D9G_1
>4<6,>2<4,>8,>6<8,5T33_1
>4<6,>2<4,>6<8,>4<6,6N81_1
>6<8,>4<6,>8,>8,1C12_1
>2<4,>0<2,>4<6,>2<4,3LEX_1
>2<4,>0<2,>4<6,>4<6,1FIG_1
>2<4,>2<4,>6<8,>6<8,4O9H_1
>4<6,>2<4,>6<8,>4<6,5GRV_1
>6<8,>4<6,>8,>6<8,2QAD_1
>0<2,>0<2,>2<4,>2<4,2Q8A_1
>6<8,>4<6,>8,>8,5JZ7_1
>2<4,>0<2,>4<6,>2<4,3LEY_1
>2<4,>0<2,>2<4,>2<4,1XGY_1
>4<6,>0<2,>6<8,>2<4,3J1S_1
>4<6,>2<4,>4<6,>2<4,3CFD_1
>4<6,>2<4,>6<8,>4<6,2V7N_1
>4<6,>4<6,>8,>8,1RHH_1
>4<6,>2<4,>4<6,>4<6,3OJD_1
>0<2,>0<2,>0<2,>0<2,4QT5_1
>4<6,>2<4,>6<8,>6<8,5MYO_1
>0<2,>0<2,>2<4,>0<2,4RAV_1
>0<2,>0<2,>0<2,>0<2,3A6C_1
>2<4,>2<4,>2<4,>2<4,6CJK_1
>6<8,>4<6,>8,>6<8,5W08_1
>4<6,>2<4,>4<6,>4<6,6GG0_1
>2<4,>2<4,>4<6,>2<4,5XWD_1
>4<6,>2<4,>4<6,>2<4,4J4P_1
>0<2,>0<2,>2<4,>0<2,1RZI_1
>2<4,>2<4,>4<6,>4<6,4YPG_1
>2<4,>0<2,>2<4,>2<4,1KEL_1
>2<4,>2<4,>4<6,>4<6,4V1D_1
>6<8,>6<8,>8,>8,5UEM_1
>0<2,>0<2,>2<4,>2<4,3U0W_1
>2<4,>0<2,>2<4,>0<2,6BJZ_1
>4<6,>2<4,>6<8,>4<6,4N90_1
>2<4,>0<2,>2<4,>0<2,5GS0_3
>0<2,>0<2,>0<2,>0<2,5GIR_1
>4<6,>4<6,>8,>8,2YK1_1
>4<6,>2<4,>6<8,>4<6,5YOY_1
>4<6,>2<4,>4<6,>4<6,3GO1_1
>0<2,>0<2,>2<4,>2<4,5F9W_1
>0<2,>0<2,>0<2,>0<2,2R0Z_1
>6<8,>6<8,>8,>8,4NNP_1
>2<4,>0<2,>2<4,>0<2,4BH8_1
>2<4,>0<2,>2<4,>0<2,4LVH_1
>2<4,>0<2,>2<4,>2<4,4C83_1
>0<2,>0<2,>0<2,>0<2,1CZ8_1
>4<6,>4<6,>6<8,>6<8,4N9G_1
>6<8,>2<4,>6<8,>6<8,4HK3_1
>4<6,>2<4,>8,>6<8,1DVF_1
>2<4,>0<2,>2<4,>2<4,1SM3_1
>2<4,>2<4,>6<8,>6<8,4YK4_1
>4<6,>2<4,>4<6,>2<4,3FO1_1
>6<8,>4<6,>8,>8,6E56_1
>4<6,>0<2,>6<8,>4<6,4NKO_1
>0<2,>0<2,>0<2,>0<2,1A7N_1
>4<6,>4<6,>8,>8,4OAW_1
>6<8,>2<4,>6<8,>4<6,4M7J_1
>4<6,>2<4,>6<8,>4<6,4Q2Z_1
>4<6,>2<4,>4<6,>2<4,3NN8_1
>4<6,>2<4,>6<8,>4<6,5VLP_1
>2<4,>0<2,>2<4,>0<2,6B9J_2
>4<6,>2<4,>6<8,>2<4,2FJF_1
>0<2,>0<2,>0<2,>0<2,5UDC_1
>0<2,>0<2,>0<2,>0<2,5IQ9_1
>4<6,>2<4,>6<8,>4<6,4FZE_1
>2<4,>0<2,>2<4,>2<4,5IFA_1
>4<6,>0<2,>4<6,>2<4,5OTJ_1
>0<2,>0<2,>0<2,>0<2,5F6H_1
>2<4,>2<4,>4<6,>2<4,4RRP_1
>2<4,>0<2,>4<6,>2<4,5BVJ_1
>4<6,>2<4,>6<8,>4<6,1UWX_1
>4<6,>2<4,>4<6,>4<6,4LSP_1
>2<4,>0<2,>2<4,>0<2,1NDM_1
>2<4,>2<4,>2<4,>2<4,5EA0_1
>4<6,>2<4,>4<6,>4<6,5JOF_1
>2<4,>0<2,>2<4,>0<2,2NR6_1
>4<6,>2<4,>6<8,>4<6,4JN2_2
>2<4,>0<2,>2<4,>2<4,5C0S_1
>4<6,>2<4,>4<6,>2<4,4ZSO_1
>6<8,>6<8,>8,>8,3MME_1
>2<4,>0<2,>2<4,>2<4,3OZ9_1
>4<6,>2<4,>8,>8,6N7J_1
>4<6,>2<4,>4<6,>2<4,1B4J_1
>4<6,>2<4,>6<8,>4<6,5BK2_1
>2<4,>0<2,>2<4,>2<4,3IET_1
>2<4,>0<2,>6<8,>6<8,3GHE_1
>2<4,>0<2,>4<6,>2<4,1MH5_1
>4<6,>2<4,>4<6,>4<6,1QFW_2
>2<4,>2<4,>4<6,>2<4,1OB1_1
>0<2,>0<2,>0<2,>0<2,1PSK_1
>2<4,>0<2,>2<4,>2<4,5KEL_1
>0<2,>0<2,>0<2,>0<2,4JKP_1
>4<6,>2<4,>8,>8,4FQQ_2
>4<6,>2<4,>6<8,>6<8,5O4G_1
>6<8,>2<4,>6<8,>4<6,3LIZ_1
>2<4,>2<4,>2<4,>2<4,3TT1_1
>2<4,>0<2,>2<4,>0<2,3V6O_1
>4<6,>2<4,>6<8,>4<6,4O51_1
>6<8,>2<4,>8,>8,3Q6G_1
>4<6,>2<4,>6<8,>4<6,4KI5_2
>2<4,>0<2,>2<4,>0<2,4YGV_1
>2<4,>2<4,>2<4,>2<4,4JFZ_1
>2<4,>0<2,>2<4,>2<4,5WCC_2
>2<4,>0<2,>2<4,>0<2,4JPW_1
>4<6,>2<4,>6<8,>6<8,1RZG_1
>4<6,>4<6,>6<8,>6<8,6D0X_1
>4<6,>2<4,>6<8,>2<4,5IHZ_4
>4<6,>2<4,>6<8,>4<6,1ZA6_1
>2<4,>0<2,>4<6,>2<4,1EMT_1
>0<2,>0<2,>2<4,>2<4,1JGL_1
>2<4,>0<2,>2<4,>2<4,1XGU_1
>4<6,>4<6,>8,>8,5DRW_1
>4<6,>2<4,>6<8,>4<6,6GLW_1
>4<6,>4<6,>8,>6<8,3GKW_1
>0<2,>0<2,>2<4,>0<2,1EGJ_1
>0<2,>0<2,>0<2,>0<2,4JPK_1
>2<4,>0<2,>2<4,>2<4,3E8U_1
>0<2,>0<2,>0<2,>0<2,5VTA_2
>2<4,>2<4,>8,>6<8,4ODX_1
>4<6,>2<4,>4<6,>2<4,6ELE_2
>4<6,>0<2,>4<6,>0<2,1AD0_1
>0<2,>0<2,>0<2,>0<2,5W6G_1
>2<4,>0<2,>2<4,>0<2,4KUZ_1
>4<6,>2<4,>4<6,>2<4,3U36_4
>6<8,>6<8,>8,>8,1ZVO_1
>4<6,>2<4,>6<8,>6<8,5DMI_1
>2<4,>2<4,>4<6,>4<6,4FQL_1
>0<2,>0<2,>0<2,>0<2,5TQA_1
>2<4,>2<4,>2<4,>2<4,6FLC_1
>2<4,>0<2,>2<4,>0<2,5JO5_2
>2<4,>2<4,>4<6,>2<4,3MCL_1
>4<6,>2<4,>8,>4<6,3JAU_1
>2<4,>2<4,>4<6,>4<6,3U0T_1
>0<2,>0<2,>0<2,>0<2,3L5W_1
>0<2,>0<2,>0<2,>0<2,1BVK_1
>6<8,>2<4,>8,>4<6,2QQK_1
>0<2,>0<2,>2<4,>2<4,4FQQ_1
>2<4,>0<2,>2<4,>0<2,2Y36_1
>2<4,>0<2,>2<4,>0<2,6A4K_1
>0<2,>0<2,>0<2,>0<2,5BK5_4
>4<6,>0<2,>4<6,>2<4,4HK0_1
>2<4,>2<4,>2<4,>2<4,5USH_1
>4<6,>4<6,>6<8,>6<8,6MEE_1
>4<6,>2<4,>8,>6<8,6CW2_1
>4<6,>2<4,>4<6,>2<4,5XBM_1
>2<4,>0<2,>2<4,>2<4,4HZL_1
>2<4,>0<2,>4<6,>2<4,4HT1_1
>2<4,>2<4,>2<4,>2<4,5I1J_1
>0<2,>0<2,>0<2,>0<2,5WDF_1
>2<4,>0<2,>2<4,>0<2,1QGC_1
>4<6,>2<4,>6<8,>4<6,4YWG_2
>4<6,>2<4,>8,>6<8,1DLF_1
>2<4,>0<2,>2<4,>2<4,6MH2_2
>4<6,>2<4,>4<6,>4<6,6DZN_1
>4<6,>2<4,>4<6,>2<4,4M7K_1
>6<8,>4<6,>8,>8,5UIX_1
>4<6,>4<6,>6<8,>6<8,5U4R_1
>0<2,>0<2,>0<2,>0<2,3WLW_1
>4<6,>2<4,>6<8,>4<6,3Q6F_1
>0<2,>0<2,>0<2,>0<2,2CJU_1
>4<6,>2<4,>4<6,>4<6,1IBG_1
>4<6,>2<4,>4<6,>4<6,6DCV_1
>4<6,>2<4,>8,>8,1DQD_1
>4<6,>2<4,>4<6,>2<4,3GIZ_1
>4<6,>2<4,>8,>6<8,4ZFO_1
>2<4,>0<2,>2<4,>2<4,5TGB_2
>6<8,>4<6,>6<8,>6<8,2J6E_1
>0<2,>0<2,>0<2,>0<2,3QG6_1
>0<2,>0<2,>2<4,>0<2,1PG7_1
>8,>6<8,>8,>8,6QNA_1
>4<6,>2<4,>8,>6<8,2GSI_1
>2<4,>0<2,>2<4,>0<2,5T6P_1
>2<4,>0<2,>2<4,>0<2,4JAM_1
>0<2,>0<2,>0<2,>0<2,4NJ9_1
>6<8,>4<6,>8,>8,5L6Y_1
>2<4,>0<2,>2<4,>0<2,3LHP_1
>2<4,>2<4,>6<8,>6<8,2J4W_1
>2<4,>0<2,>2<4,>2<4,5I1D_1
>2<4,>0<2,>4<6,>4<6,6B0A_1
>0<2,>0<2,>0<2,>0<2,6H3H_1
>0<2,>0<2,>2<4,>0<2,3J2X_1
>0<2,>0<2,>2<4,>0<2,2D03_1
>2<4,>2<4,>4<6,>4<6,6AZM_1
>2<4,>0<2,>2<4,>0<2,5U0R_1
>2<4,>2<4,>4<6,>2<4,6AZ2_1
>4<6,>2<4,>6<8,>4<6,5ZS0_1
>4<6,>2<4,>4<6,>2<4,5WUV_1
>2<4,>0<2,>4<6,>2<4,6FOE_1
